sku;name;short_description;description;category_id;category;subcategory_id;subcategory;tags;brand;manufacturer;country_of_origin;price_net;price_gross;vat_rate;currency;voltage_v;current_a;power_w;ip_rating;mounting;modules_din;color;material;operating_temp_min_c;operating_temp_max_c;certificates
IV-012-00335;Wyłącznik zmierzchowy SCHNEIDER SE-0335Z 100 lx;Wyłącznik zmierzchowy 100 lx, 6 A, montaż natynkowy.;Wyłącznik zmierzchowy automatycznie załączający oświetlenie zewnętrzne po zapadnięciu zmroku. Próg czułości regulowany od 2 do 100 lx. Zasilanie 230 V, obciążalność 6 A. Stopień ochrony IP65.;1;Automatyka domowa;12;Czujniki zmierzchowe;zmierzchowy, automatyka, oświetlenie zewnętrzne;SCHNEIDER;Schneider Electric Polska Sp. z o.o.;FR;112,98;138,97;23;PLN;230;6;;IP65;natynkowy;1;szary;tworzywo ABS;-25;50;CE, RoHS
IV-012-00371;Czujnik zmierzchowy OSPEL OP-0371X 2 lx;Wyłącznik zmierzchowy 2 lx, 6 A, montaż szyna DIN.;Wyłącznik zmierzchowy automatycznie załączający oświetlenie zewnętrzne po zapadnięciu zmroku. Próg czułości regulowany od 2 do 2 lx. Zasilanie 230 V, obciążalność 6 A. Stopień ochrony IP65.;1;Automatyka domowa;12;Czujniki zmierzchowe;zmierzchowy, automatyka, oświetlenie zewnętrzne;OSPEL;OSPEL S.A.;PL;66,11;81,32;23;PLN;230;6;;IP65;szyna DIN;1;kremowy;poliwęglan;-25;50;CE, RoHS, EMC
IV-012-00277;Wyłącznik zmierzchowy ABB AB-0277D 10 lx;Wyłącznik zmierzchowy 10 lx, 16 A, montaż szyna DIN.;Wyłącznik zmierzchowy automatycznie załączający oświetlenie zewnętrzne po zapadnięciu zmroku. Próg czułości regulowany od 2 do 10 lx. Zasilanie 230 V, obciążalność 16 A. Stopień ochrony IP44.;1;Automatyka domowa;12;Czujniki zmierzchowe;zmierzchowy, automatyka, oświetlenie zewnętrzne;ABB;ABB Sp. z o.o.;CH;115,90;142,56;23;PLN;230;16;;IP44;szyna DIN;;czarny;poliwęglan;-20;50;CE, RoHS, EMC
IV-013-00623;Czujnik dźwięku OSPEL OP-0623H 80 dB;Czujnik akustyczny 80 dB, opóźnienie 300 s.;Wyłącznik akustyczny włączający oświetlenie po wykryciu dźwięku. Czułość regulowana od 80 dB, opóźnienie wyłączenia do 300 s. Zasilanie 230 V, obciążalność 6 A. Idealny do klatek schodowych i piwnic.;1;Automatyka domowa;13;Czujniki dźwięku;akustyczny, automatyka, klatki schodowe;OSPEL;OSPEL S.A.;PL;60,01;73,81;23;PLN;230;6;;IP20;podtynkowy;1;czarny;poliwęglan;-10;40;CE, RoHS
IV-013-00695;Czujnik akustyczny LEGRAND LG-0695R 70 dB;Czujnik akustyczny 70 dB, opóźnienie 60 s.;Wyłącznik akustyczny włączający oświetlenie po wykryciu dźwięku. Czułość regulowana od 70 dB, opóźnienie wyłączenia do 60 s. Zasilanie 230 V, obciążalność 6 A. Idealny do klatek schodowych i piwnic.;1;Automatyka domowa;13;Czujniki dźwięku;akustyczny, automatyka, klatki schodowe;LEGRAND;Legrand Polska Sp. z o.o.;FR;76,03;93,52;23;PLN;230;6;;IP44;szyna DIN;1;czarny;PC + ABS;-10;40;CE, RoHS
IV-013-00750;Wyłącznik akustyczny ABB AB-0750C 70 dB;Czujnik akustyczny 70 dB, opóźnienie 30 s.;Wyłącznik akustyczny włączający oświetlenie po wykryciu dźwięku. Czułość regulowana od 70 dB, opóźnienie wyłączenia do 30 s. Zasilanie 230 V, obciążalność 10 A. Idealny do klatek schodowych i piwnic.;1;Automatyka domowa;13;Czujniki dźwięku;akustyczny, automatyka, klatki schodowe;ABB;ABB Sp. z o.o.;CH;70,64;86,89;23;PLN;230;10;;IP44;podtynkowy;1;szary;poliwęglan;-10;40;CE, RoHS
IV-014-00797;Termostat pokojowy ORNO OR-0797X LCD;Termostat 10-30°C, wyświetlacz LCD.;Termostat pokojowy z wyświetlaczem LCD, zakres regulacji 10–30°C. Zasilanie 24 V, obciążalność styków 16 A. Sterowanie ogrzewaniem podłogowym, kotłami lub klimatyzacją. Montaż szyna DIN.;1;Automatyka domowa;14;Termostaty;termostat, ogrzewanie, regulator temperatury;ORNO;ORNO Sp. z o.o.;PL;112,36;138,20;23;PLN;24;16;;IP20;szyna DIN;1;kremowy;tworzywo ABS;-10;50;CE, RoHS
IV-014-00840;Regulator temperatury SCHNEIDER SE-0840B LCD;Termostat 5-35°C, wyświetlacz LCD.;Termostat pokojowy z wyświetlaczem LCD, zakres regulacji 5–35°C. Zasilanie 230 V, obciążalność styków 16 A. Sterowanie ogrzewaniem podłogowym, kotłami lub klimatyzacją. Montaż natynkowy.;1;Automatyka domowa;14;Termostaty;termostat, ogrzewanie, regulator temperatury;SCHNEIDER;Schneider Electric Polska Sp. z o.o.;FR;173,50;213,41;23;PLN;230;16;;IP20;natynkowy;2;biały;PC + ABS;-10;50;CE
IV-014-00856;Termostat pokojowy ORNO OR-0856M OLED;Termostat 5-40°C, wyświetlacz OLED.;Termostat pokojowy z wyświetlaczem OLED, zakres regulacji 5–40°C. Zasilanie 12 V, obciążalność styków 16 A. Sterowanie ogrzewaniem podłogowym, kotłami lub klimatyzacją. Montaż natynkowy.;1;Automatyka domowa;14;Termostaty;termostat, ogrzewanie, regulator temperatury;ORNO;ORNO Sp. z o.o.;PL;131,29;161,49;23;PLN;12;16;;IP20;natynkowy;;kremowy;PC + ABS;-10;50;CE
IV-014-00842;Termostat FINDER FN-0842B brak;Termostat 10-30°C, wyświetlacz brak.;Termostat pokojowy z wyświetlaczem brak, zakres regulacji 10–30°C. Zasilanie 24 V, obciążalność styków 10 A. Sterowanie ogrzewaniem podłogowym, kotłami lub klimatyzacją. Montaż szyna DIN.;1;Automatyka domowa;14;Termostaty;termostat, ogrzewanie, regulator temperatury;FINDER;Finder S.p.A.;IT;149,80;184,25;23;PLN;24;10;;IP44;szyna DIN;;czarny;tworzywo ABS;-10;50;CE, RoHS, EMC
IV-015-01134;Czujnik wycieku wody ORNO OR-1134K Wi-Fi;Czujnik zalania Wi-Fi, IP IP65.;Czujnik zalania wykrywający obecność wody. Wyjście: Wi-Fi. Zasilanie 24 V, bateria CR2032. Stopień ochrony IP65. Idealny do łazienek, kotłowni i pralni.;1;Automatyka domowa;15;Czujniki zalania;zalanie, wyciek, smart home;ORNO;ORNO Sp. z o.o.;PL;53,74;66,10;23;PLN;24;0,50;;IP65;podłogowy;;biały;poliwęglan;-10;50;CE, RoHS
IV-015-01212;Czujnik zalania ABB AB-1212E alarm akustyczny;Czujnik zalania alarm akustyczny, IP IP67.;Czujnik zalania wykrywający obecność wody. Wyjście: alarm akustyczny. Zasilanie 24 V, bateria CR2032. Stopień ochrony IP67. Idealny do łazienek, kotłowni i pralni.;1;Automatyka domowa;15;Czujniki zalania;zalanie, wyciek, smart home;ABB;ABB Sp. z o.o.;CH;106,21;130,64;23;PLN;24;0,50;;IP67;natynkowy;;szary;PC + ABS;-10;50;CE, RoHS
IV-015-01025;Czujnik wycieku wody OSPEL OP-1025C alarm akustyczny;Czujnik zalania alarm akustyczny, IP IP68.;Czujnik zalania wykrywający obecność wody. Wyjście: alarm akustyczny. Zasilanie 12 V, bateria AA. Stopień ochrony IP68. Idealny do łazienek, kotłowni i pralni.;1;Automatyka domowa;15;Czujniki zalania;zalanie, wyciek, smart home;OSPEL;OSPEL S.A.;PL;58,32;71,73;23;PLN;12;5;;IP68;natynkowy;;biały;tworzywo ABS;0;50;CE, RoHS, EMC
IV-022-01696;Programator gniazdkowy HAGER HG-1696D tygodniowy;Programator gniazdkowy tygodniowy, 20 progr.;Włącznik czasowy do gniazdka 230 V. 20 programów, tryb tygodniowy, wyświetlacz analog. tarcza. Pozwala na automatyczne sterowanie dowolnym urządzeniem z wtyczką. Maksymalne obciążenie 16 A.;2;Programatory czasowe;22;Gniazdowe;programator, gniazdkowy, wtyczka;HAGER;Hager Polo Sp. z o.o.;DE;55,96;68,83;23;PLN;230;16;;IP20;gniazdkowy;;czarny;tworzywo ABS;0;40;CE, RoHS, EMC
IV-022-01527;Programator gniazdkowy ZAMEL ZM-1527B dobowy;Programator gniazdkowy dobowy, 16 progr.;Włącznik czasowy do gniazdka 230 V. 16 programów, tryb dobowy, wyświetlacz analog. tarcza. Pozwala na automatyczne sterowanie dowolnym urządzeniem z wtyczką. Maksymalne obciążenie 16 A.;2;Programatory czasowe;22;Gniazdowe;programator, gniazdkowy, wtyczka;ZAMEL;ZAMEL Sp. z o.o.;PL;29,41;36,17;23;PLN;230;16;;IP44;gniazdkowy;;szary;tworzywo ABS;0;40;CE, RoHS
IV-022-01552;Programator gniazdkowy THEBEN TH-1552S tygodniowy;Programator gniazdkowy tygodniowy, 20 progr.;Włącznik czasowy do gniazdka 230 V. 20 programów, tryb tygodniowy, wyświetlacz LCD. Pozwala na automatyczne sterowanie dowolnym urządzeniem z wtyczką. Maksymalne obciążenie 16 A.;2;Programatory czasowe;22;Gniazdowe;programator, gniazdkowy, wtyczka;THEBEN;Theben AG;DE;39,08;48,07;23;PLN;230;16;;IP20;gniazdkowy;;czarny;poliwęglan;0;40;CE, RoHS
IV-022-01743;Programator gniazdkowy ZAMEL ZM-1743X tygodniowy;Programator gniazdkowy tygodniowy, 20 progr.;Włącznik czasowy do gniazdka 230 V. 20 programów, tryb tygodniowy, wyświetlacz LCD. Pozwala na automatyczne sterowanie dowolnym urządzeniem z wtyczką. Maksymalne obciążenie 16 A.;2;Programatory czasowe;22;Gniazdowe;programator, gniazdkowy, wtyczka;ZAMEL;ZAMEL Sp. z o.o.;PL;31,22;38,40;23;PLN;230;16;;IP20;gniazdkowy;;szary;poliwęglan;0;40;CE, RoHS
IV-023-01928;Włącznik czasowy natynkowy ORNO OR-1928E IP44;Programator natynkowy IP44, 4 progr.;Natynkowy programator czasowy w hermetycznej obudowie IP44. 4 programów, tryb tygodniowy. Zasilanie 230 V, obciążalność 16 A. Idealny do garaży, warsztatów i instalacji zewnętrznych.;2;Programatory czasowe;23;Natynkowe;programator, natynkowy, hermetyczny;ORNO;ORNO Sp. z o.o.;PL;94,16;115,82;23;PLN;230;16;;IP44;natynkowy;;czarny;PC + ABS;-20;50;CE, RoHS, EMC
IV-023-01752;Włącznik czasowy natynkowy FINDER FN-1752P IP54;Programator natynkowy IP54, 4 progr.;Natynkowy programator czasowy w hermetycznej obudowie IP54. 4 programów, tryb tygodniowy. Zasilanie 230 V, obciążalność 10 A. Idealny do garaży, warsztatów i instalacji zewnętrznych.;2;Programatory czasowe;23;Natynkowe;programator, natynkowy, hermetyczny;FINDER;Finder S.p.A.;IT;136,52;167,92;23;PLN;230;10;;IP54;natynkowy;;biały;poliwęglan;-20;50;CE, RoHS
IV-023-01934;Włącznik czasowy natynkowy F&F FF-1934P IP44;Programator natynkowy IP44, 4 progr.;Natynkowy programator czasowy w hermetycznej obudowie IP44. 4 programów, tryb dobowy. Zasilanie 230 V, obciążalność 16 A. Idealny do garaży, warsztatów i instalacji zewnętrznych.;2;Programatory czasowe;23;Natynkowe;programator, natynkowy, hermetyczny;F&F;F&F Filipowski sp.j.;PL;91,92;113,06;23;PLN;230;16;;IP44;natynkowy;;biały;PC + ABS;-20;50;CE, RoHS, EMC
IV-024-02232;Zegar astronomiczny LEGRAND LG-2232R 2-kan.;Zegar astronomiczny 2 kanały, GPS: tak.;Programator astronomiczny obliczający czasy wschodu i zachodu słońca dla wybranej lokalizacji. Liczba kanałów: 2, GPS: tak, wyświetlacz LCD. Zasilanie 230 V, obciążalność 10 A. Idealny do oświetlenia ulicznego i parkowego.;2;Programatory czasowe;24;Astronomiczne;astronomiczny, wschód słońca, DIN, oświetlenie zewnętrzne;LEGRAND;Legrand Polska Sp. z o.o.;FR;403,59;496,42;23;PLN;230;10;;IP20;szyna DIN;1;szary;PC + ABS;-10;50;CE, RoHS, EMC
IV-024-02001;Sterownik astronomiczny FINDER FN-2001E 1-kan.;Zegar astronomiczny 1 kanały, GPS: tak.;Programator astronomiczny obliczający czasy wschodu i zachodu słońca dla wybranej lokalizacji. Liczba kanałów: 1, GPS: tak, wyświetlacz LCD. Zasilanie 230 V, obciążalność 16 A. Idealny do oświetlenia ulicznego i parkowego.;2;Programatory czasowe;24;Astronomiczne;astronomiczny, wschód słońca, DIN, oświetlenie zewnętrzne;FINDER;Finder S.p.A.;IT;418,47;514,72;23;PLN;230;16;;IP20;szyna DIN;2;szary;PC + ABS;-10;50;CE
IV-024-02051;Zegar astronomiczny ORNO OR-2051S 2-kan.;Zegar astronomiczny 2 kanały, GPS: tak.;Programator astronomiczny obliczający czasy wschodu i zachodu słońca dla wybranej lokalizacji. Liczba kanałów: 2, GPS: tak, wyświetlacz OLED. Zasilanie 230 V, obciążalność 10 A. Idealny do oświetlenia ulicznego i parkowego.;2;Programatory czasowe;24;Astronomiczne;astronomiczny, wschód słońca, DIN, oświetlenie zewnętrzne;ORNO;ORNO Sp. z o.o.;PL;255,40;314,14;23;PLN;230;10;;IP20;szyna DIN;1;szary;PC + ABS;-10;50;CE
IV-025-02372;Przekaźnik czasowy ORNO OR-2372E wieloFunkcyjny;Przekaźnik czasowy wieloFunkcyjny, 0,1s-100h.;Przekaźnik czasowy z funkcją wieloFunkcyjny. Zakres nastaw: 0,1s-100h. Zasilanie 12 V, obciążalność styków 10 A. Montaż na szynie DIN. Stosowany w automatyce przemysłowej i domowej.;2;Programatory czasowe;25;Przekaźniki czasowe;przekaźnik, czasowy, DIN, automatyka;ORNO;ORNO Sp. z o.o.;PL;83,51;102,72;23;PLN;12;10;;IP20;szyna DIN;1;czarny;poliwęglan;-20;60;CE, RoHS, EMC
IV-025-02373;Czasowy przekaźnik DIN F&F FF-2373H impulsowy;Przekaźnik czasowy impulsowy, 0,1s-100h.;Przekaźnik czasowy z funkcją impulsowy. Zakres nastaw: 0,1s-100h. Zasilanie 12 V, obciążalność styków 16 A. Montaż na szynie DIN. Stosowany w automatyce przemysłowej i domowej.;2;Programatory czasowe;25;Przekaźniki czasowe;przekaźnik, czasowy, DIN, automatyka;F&F;F&F Filipowski sp.j.;PL;82,43;101,39;23;PLN;12;16;;IP20;szyna DIN;1;czarny;PC + ABS;-20;60;CE, RoHS, EMC
IV-025-02396;Przekaźnik czasowy LEGRAND LG-2396R opóźnienie załączenia;Przekaźnik czasowy opóźnienie załączenia, 0,1s-100h.;Przekaźnik czasowy z funkcją opóźnienie załączenia. Zakres nastaw: 0,1s-100h. Zasilanie 230 V, obciążalność styków 10 A. Montaż na szynie DIN. Stosowany w automatyce przemysłowej i domowej.;2;Programatory czasowe;25;Przekaźniki czasowe;przekaźnik, czasowy, DIN, automatyka;LEGRAND;Legrand Polska Sp. z o.o.;FR;138,95;170,91;23;PLN;230;10;;IP20;szyna DIN;1;szary;tworzywo ABS;-20;60;CE, RoHS, EMC
IV-031-02693;Kamera IP kopułowa DSC DC-2693M 2MP 2.8-12 (motozoom)mm;Kamera IP 2 MP, IR 20 m, IP66.;Kamera IP o rozdzielczości 2 MP, obiektyw 2.8-12 (motozoom) mm, zasięg promienników IR do 20 m. Zasilanie 24 V (lub PoE), pobór 12 W. Stopień ochrony IP66, zakres temperatur -25–50°C. Wsparcie ONVIF.;3;Alarmy i CCTV;31;Kamery IP;kamera, IP, CCTV, monitoring, PoE;DSC;DSC (Tyco/Johnson Controls);CA;486,47;598,36;23;PLN;24;;12;IP66;sufitowy;;biały;aluminium;-25;50;CE, RoHS, EMC
IV-031-02607;Kamera IP DAHUA DH-2607T 5MP 6mm;Kamera IP 5 MP, IR 20 m, IP66.;Kamera IP o rozdzielczości 5 MP, obiektyw 6 mm, zasięg promienników IR do 20 m. Zasilanie 12 V (lub PoE), pobór 6 W. Stopień ochrony IP66, zakres temperatur -30–60°C. Wsparcie ONVIF.;3;Alarmy i CCTV;31;Kamery IP;kamera, IP, CCTV, monitoring, PoE;DAHUA;Dahua Technology;CN;471,87;580,40;23;PLN;12;;6;IP66;natynkowy;;czarny;aluminium;-30;60;CE
IV-031-02621;Kamera IP kopułowa DSC DC-2621B 8MP 6mm;Kamera IP 8 MP, IR 50 m, IP67.;Kamera IP o rozdzielczości 8 MP, obiektyw 6 mm, zasięg promienników IR do 50 m. Zasilanie 12 V (lub PoE), pobór 6 W. Stopień ochrony IP67, zakres temperatur -25–50°C. Wsparcie ONVIF.;3;Alarmy i CCTV;31;Kamery IP;kamera, IP, CCTV, monitoring, PoE;DSC;DSC (Tyco/Johnson Controls);CA;499,92;614,90;23;PLN;12;;6;IP67;natynkowy;;szary;tworzywo ABS;-25;50;CE
IV-033-03109;Czujka pasywna podczerwieni HIKVISION DS-3109E 10m;Czujka PIR 10 m, pet immunity 40 kg.;Czujka pasywnej podczerwieni do systemów alarmowych. Kąt detekcji 90°, zasięg do 10 m. Odporność na zwierzęta do 40 kg. Zasilanie 12 V DC, pobór 0.03 A.;3;Alarmy i CCTV;33;Czujki PIR;alarm, PIR, czujka, pet immunity;HIKVISION;Hangzhou Hikvision Digital Technology;CN;94,88;116,70;23;PLN;12;0,03;;IP30;natynkowy;;biały;poliwęglan;-10;55;CE
IV-033-03205;Czujnik ruchu PIR alarmowy DAHUA DH-3205X 18m;Czujka PIR 18 m, pet immunity 0 kg.;Czujka pasywnej podczerwieni do systemów alarmowych. Kąt detekcji 110°, zasięg do 18 m. Odporność na zwierzęta do 0 kg. Zasilanie 12 V DC, pobór 0.05 A.;3;Alarmy i CCTV;33;Czujki PIR;alarm, PIR, czujka, pet immunity;DAHUA;Dahua Technology;CN;117,60;144,65;23;PLN;12;0,05;;IP30;natynkowy;;biały;poliwęglan;-10;55;CE, RoHS
IV-033-03204;Czujnik ruchu PIR alarmowy HIKVISION DS-3204K 12m;Czujka PIR 12 m, pet immunity 15 kg.;Czujka pasywnej podczerwieni do systemów alarmowych. Kąt detekcji 360°, zasięg do 12 m. Odporność na zwierzęta do 15 kg. Zasilanie 12 V DC, pobór 0.03 A.;3;Alarmy i CCTV;33;Czujki PIR;alarm, PIR, czujka, pet immunity;HIKVISION;Hangzhou Hikvision Digital Technology;CN;110,31;135,68;23;PLN;12;0,03;;IP41;sufitowy;;biały;PC + ABS;-10;55;CE, RoHS, EMC
IV-034-03394;Panel alarmowy AJAX AJ-3394A 128 stref;Centrala alarmowa 128 stref, GSM + Ethernet.;Centrala alarmowa obsługująca 128 stref przewodowych i 4 wyjść programowalnych. Komunikacja: GSM + Ethernet. Zasilanie 12 V, pobór 10 W. Aplikacja mobilna do zdalnego sterowania.;3;Alarmy i CCTV;34;Centrale alarmowe;alarm, centrala, GSM, monitoring;AJAX;Ajax Systems;UA;1131,55;1391,81;23;PLN;12;;10;IP20;natynkowy;;szary;metal lakierowany;-10;55;CE
IV-034-03284;Panel alarmowy DAHUA DH-3284K 64 stref;Centrala alarmowa 64 stref, Ethernet.;Centrala alarmowa obsługująca 64 stref przewodowych i 8 wyjść programowalnych. Komunikacja: Ethernet. Zasilanie 12 V, pobór 10 W. Aplikacja mobilna do zdalnego sterowania.;3;Alarmy i CCTV;34;Centrale alarmowe;alarm, centrala, GSM, monitoring;DAHUA;Dahua Technology;CN;815,88;1003,53;23;PLN;12;;10;IP20;natynkowy;;szary;tworzywo ABS;-10;55;CE
IV-034-03271;Centrala alarmowa SATEL ST-3271P 32 stref;Centrala alarmowa 32 stref, GSM.;Centrala alarmowa obsługująca 32 stref przewodowych i 4 wyjść programowalnych. Komunikacja: GSM. Zasilanie 12 V, pobór 40 W. Aplikacja mobilna do zdalnego sterowania.;3;Alarmy i CCTV;34;Centrale alarmowe;alarm, centrala, GSM, monitoring;SATEL;SATEL Sp. z o.o.;PL;1081,54;1330,29;23;PLN;12;;40;IP20;natynkowy;;szary;metal lakierowany;-10;55;CE, RoHS, EMC
IV-035-03525;Rejestrator DVR ORNO OR-3525G 64-kan. 12MP;Rejestrator 64 kan., 12MP, 4 HDD.;Rejestrator obrazu na 64 kanałów, do 12MP. Liczba kieszeni HDD: 4. Zasilanie 12 V, pobór 30 W. Zdalny podgląd przez aplikację mobilną. Wsparcie ONVIF.;3;Alarmy i CCTV;35;Rejestratory NVR/DVR;rejestrator, NVR, DVR, monitoring;ORNO;ORNO Sp. z o.o.;PL;763,53;939,14;23;PLN;12;;30;IP20;rack 1U;;szary;metal lakierowany;0;50;CE
IV-035-03523;Rejestrator DVR AJAX AJ-3523S 4-kan. 4MP;Rejestrator 4 kan., 4MP, 4 HDD.;Rejestrator obrazu na 4 kanałów, do 4MP. Liczba kieszeni HDD: 4. Zasilanie 230 V, pobór 80 W. Zdalny podgląd przez aplikację mobilną. Wsparcie ONVIF.;3;Alarmy i CCTV;35;Rejestratory NVR/DVR;rejestrator, NVR, DVR, monitoring;AJAX;Ajax Systems;UA;1288,16;1584,44;23;PLN;230;;80;IP20;wolnostojący;;czarny;metal lakierowany;-10;55;CE, RoHS
IV-035-03551;Rejestrator hybrydowy PARADOX PX-3551Z 4-kan. 12MP;Rejestrator 4 kan., 12MP, 8 HDD.;Rejestrator obrazu na 4 kanałów, do 12MP. Liczba kieszeni HDD: 8. Zasilanie 230 V, pobór 20 W. Zdalny podgląd przez aplikację mobilną. Wsparcie ONVIF.;3;Alarmy i CCTV;35;Rejestratory NVR/DVR;rejestrator, NVR, DVR, monitoring;PARADOX;Paradox Security Systems;CA;1213,98;1493,20;23;PLN;230;;20;IP20;wolnostojący;;czarny;metal lakierowany;0;50;CE, RoHS, EMC
IV-035-03612;Rejestrator NVR DSC DC-3612R 4-kan. 4MP;Rejestrator 4 kan., 4MP, 4 HDD.;Rejestrator obrazu na 4 kanałów, do 4MP. Liczba kieszeni HDD: 4. Zasilanie 12 V, pobór 20 W. Zdalny podgląd przez aplikację mobilną. Wsparcie ONVIF.;3;Alarmy i CCTV;35;Rejestratory NVR/DVR;rejestrator, NVR, DVR, monitoring;DSC;DSC (Tyco/Johnson Controls);CA;1049,31;1290,65;23;PLN;12;;20;IP20;wolnostojący;;czarny;metal lakierowany;-10;55;CE, RoHS
IV-041-03942;Zestaw bramofonowy ORNO OR-3942A 1 przycisk;Bramofon 1-rodzinny, 1 przyc., kamera: nie.;Bramofon jednorodzinny z 1 przyciskami wywołania. Audio: tak, kamera: nie. Zasilanie 24 V DC, pobór 0.5 A. Obudowa IP44, montaż podtynkowy.;4;Bramofony i wideodomofony;41;Bramofony jednorodzinne;bramofon, jednorodzinny, audio;ORNO;ORNO Sp. z o.o.;PL;252,96;311,14;23;PLN;24;0,50;;IP44;podtynkowy;;szary;stal nierdzewna;-25;55;CE
IV-041-03818;Bramofon jednorodzinny COMMAX CM-3818S 1 przycisk;Bramofon 1-rodzinny, 1 przyc., kamera: nie.;Bramofon jednorodzinny z 1 przyciskami wywołania. Audio: tak, kamera: nie. Zasilanie 24 V DC, pobór 0.5 A. Obudowa IP44, montaż podtynkowy.;4;Bramofony i wideodomofony;41;Bramofony jednorodzinne;bramofon, jednorodzinny, audio;COMMAX;COMMAX Co. Ltd.;KR;331,80;408,11;23;PLN;24;0,50;;IP44;podtynkowy;;antracyt;stal nierdzewna;-25;55;CE
IV-041-03906;Zestaw bramofonowy GENWAY GW-3906Z 2 przycisk;Bramofon 1-rodzinny, 2 przyc., kamera: tak.;Bramofon jednorodzinny z 2 przyciskami wywołania. Audio: tak, kamera: tak. Zasilanie 12 V DC, pobór 1 A. Obudowa IP44, montaż podtynkowy.;4;Bramofony i wideodomofony;41;Bramofony jednorodzinne;bramofon, jednorodzinny, audio;GENWAY;Genway Electric;CN;332,75;409,28;23;PLN;12;1;;IP44;podtynkowy;;srebrny;aluminium;-20;50;CE, RoHS, EMC
IV-042-04032;Bramofon wielolokatorski ACO AC-4032A 8 lokali;Bramofon wielolokatorski, 8 lokali.;Bramofon wielolokatorski na 8 lokali, adresowanie analogowe, kamera: nie. Zasilanie 12 V DC. Obudowa IP54. Idealny do bloków mieszkalnych i biur.;4;Bramofony i wideodomofony;42;Bramofony wielolokatorskie;bramofon, wielolokatorski, block, biuro;ACO;ACO Sp. z o.o.;PL;885,14;1088,72;23;PLN;12;1;;IP54;podtynkowy;;antracyt;aluminium;-25;55;CE, RoHS, EMC
IV-042-04099;Panel bramofonowy ACO AC-4099A 32 lokali;Bramofon wielolokatorski, 32 lokali.;Bramofon wielolokatorski na 32 lokali, adresowanie analogowe, kamera: nie. Zasilanie 24 V DC. Obudowa IP54. Idealny do bloków mieszkalnych i biur.;4;Bramofony i wideodomofony;42;Bramofony wielolokatorskie;bramofon, wielolokatorski, block, biuro;ACO;ACO Sp. z o.o.;PL;862,23;1060,54;23;PLN;24;1;;IP54;natynkowy;;czarny;aluminium;-25;55;CE
IV-042-04001;Panel bramofonowy GENWAY GW-4001X 8 lokali;Bramofon wielolokatorski, 8 lokali.;Bramofon wielolokatorski na 8 lokali, adresowanie analogowe, kamera: nie. Zasilanie 12 V DC. Obudowa IP54. Idealny do bloków mieszkalnych i biur.;4;Bramofony i wideodomofony;42;Bramofony wielolokatorskie;bramofon, wielolokatorski, block, biuro;GENWAY;Genway Electric;CN;904,64;1112,71;23;PLN;12;1;;IP54;podtynkowy;;czarny;aluminium;-25;55;CE, RoHS, EMC
IV-043-04358;"Wideodomofon URMET UR-4358K 10""";"Wideodomofon 10"", Wi-Fi: tak.";"Wideodomofon z monitorem 10"". Wi-Fi: tak, pamięć: brak. Zasilanie 230 V, pobór 5 W. Stopień ochrony panelu zewnętrznego IP54. Aplikacja mobilna do zdalnej obsługi.";4;Bramofony i wideodomofony;43;Wideodomofony;wideodomofon, monitor, Wi-Fi;URMET;Urmet S.p.A.;IT;768,95;945,81;23;PLN;230;;5;IP54;natynkowy;;srebrny;aluminium;-20;50;CE
IV-043-04400;"Zestaw wideodomofonowy AIPHONE AI-4400K 4.3""";"Wideodomofon 4.3"", Wi-Fi: nie.";"Wideodomofon z monitorem 4.3"". Wi-Fi: nie, pamięć: wbudowana. Zasilanie 12 V, pobór 12 W. Stopień ochrony panelu zewnętrznego IP54. Aplikacja mobilna do zdalnej obsługi.";4;Bramofony i wideodomofony;43;Wideodomofony;wideodomofon, monitor, Wi-Fi;AIPHONE;Aiphone Co. Ltd.;JP;991,15;1219,11;23;PLN;12;;12;IP54;natynkowy;;biały;tworzywo ABS;-20;50;CE
IV-043-04370;"Zestaw wideodomofonowy URMET UR-4370L 10""";"Wideodomofon 10"", Wi-Fi: nie.";"Wideodomofon z monitorem 10"". Wi-Fi: nie, pamięć: karta SD. Zasilanie 230 V, pobór 5 W. Stopień ochrony panelu zewnętrznego IP44. Aplikacja mobilna do zdalnej obsługi.";4;Bramofony i wideodomofony;43;Wideodomofony;wideodomofon, monitor, Wi-Fi;URMET;Urmet S.p.A.;IT;820,95;1009,77;23;PLN;230;;5;IP44;podtynkowy;;czarny;tworzywo ABS;-20;50;CE
IV-043-04469;"Wideodomofon COMMAX CM-4469B 4.3""";"Wideodomofon 4.3"", Wi-Fi: tak.";"Wideodomofon z monitorem 4.3"". Wi-Fi: tak, pamięć: karta SD. Zasilanie 230 V, pobór 5 W. Stopień ochrony panelu zewnętrznego IP65. Aplikacja mobilna do zdalnej obsługi.";4;Bramofony i wideodomofony;43;Wideodomofony;wideodomofon, monitor, Wi-Fi;COMMAX;COMMAX Co. Ltd.;KR;782,28;962,20;23;PLN;230;;5;IP65;natynkowy;;biały;aluminium;-20;50;CE
IV-051-05116;Pilot ROGER RG-5116S 1-kan. 433.92MHz;Pilot 1-kan. 433.92 MHz.;Pilot radiowy 1-kanałowy, częstotliwość 433.92 MHz, kodowanie fixed code. Bateria AAA. Kompatybilny z napędami i centralami ROGER. Zasięg do 100 m w terenie otwartym.;5;Sterowanie bramami;51;Piloty;pilot, radiowy, rolling code, brama;ROGER;Roger Technology;IT;64,05;78,78;23;PLN;12;;;IP30;bezprzewodowy;;niebieski;tworzywo ABS;-20;55;CE, RoHS, EMC
IV-051-05163;Nadajnik radiowy BENINCA BN-5163M 1-kan. 433.92MHz;Pilot 1-kan. 433.92 MHz.;Pilot radiowy 1-kanałowy, częstotliwość 433.92 MHz, kodowanie fixed code. Bateria CR2032. Kompatybilny z napędami i centralami BENINCA. Zasięg do 100 m w terenie otwartym.;5;Sterowanie bramami;51;Piloty;pilot, radiowy, rolling code, brama;BENINCA;Beninca S.p.A.;IT;80,34;98,82;23;PLN;3;;;IP30;bezprzewodowy;;szary;PC + ABS;-20;55;CE
IV-051-05225;Nadajnik radiowy FAAC FC-5225C 1-kan. 433.92MHz;Pilot 1-kan. 433.92 MHz.;Pilot radiowy 1-kanałowy, częstotliwość 433.92 MHz, kodowanie fixed code. Bateria CR2032. Kompatybilny z napędami i centralami FAAC. Zasięg do 100 m w terenie otwartym.;5;Sterowanie bramami;51;Piloty;pilot, radiowy, rolling code, brama;FAAC;FAAC S.p.A.;IT;83,30;102,46;23;PLN;3;;;IP30;bezprzewodowy;;szary;PC + ABS;-20;55;CE
IV-052-05424;Klawiatura PIN CAME CE-5424P 50 userów;Klawiatura kodowa 50 użyt., 2 wyjść.;Klawiatura kodowa do kontroli dostępu — 50 użytkowników, 2 wyjść przekaźnikowych, podświetlenie: nie. Zasilanie 12 V DC, pobór 0.05 A. Obudowa IP65, materiał: stal nierdzewna.;5;Sterowanie bramami;52;Klawiatury kodowe;klawiatura, kontrola dostępu, PIN, brama;CAME;Came S.p.A.;IT;287,59;353,74;23;PLN;12;0,05;;IP65;podtynkowy;;srebrny;stal nierdzewna;-30;60;CE, RoHS, EMC
IV-052-05270;Klawiatura kodowa NICE NC-5270G 500 userów;Klawiatura kodowa 500 użyt., 3 wyjść.;Klawiatura kodowa do kontroli dostępu — 500 użytkowników, 3 wyjść przekaźnikowych, podświetlenie: nie. Zasilanie 24 V DC, pobór 0.05 A. Obudowa IP65, materiał: cynk.;5;Sterowanie bramami;52;Klawiatury kodowe;klawiatura, kontrola dostępu, PIN, brama;NICE;Nice S.p.A.;IT;246,22;302,85;23;PLN;24;0,05;;IP65;podtynkowy;;srebrny;cynk;-30;60;CE
IV-052-05309;Klawiatura kodowa BFT BF-5309F 100 userów;Klawiatura kodowa 100 użyt., 1 wyjść.;Klawiatura kodowa do kontroli dostępu — 100 użytkowników, 1 wyjść przekaźnikowych, podświetlenie: tak. Zasilanie 24 V DC, pobór 0.05 A. Obudowa IP67, materiał: cynk.;5;Sterowanie bramami;52;Klawiatury kodowe;klawiatura, kontrola dostępu, PIN, brama;BFT;BFT S.p.A.;IT;243,40;299,38;23;PLN;24;0,05;;IP67;natynkowy;;antracyt;cynk;-20;55;CE, RoHS
IV-052-05428;Klawiatura PIN FAAC FC-5428K 2000 userów;Klawiatura kodowa 2000 użyt., 1 wyjść.;Klawiatura kodowa do kontroli dostępu — 2000 użytkowników, 1 wyjść przekaźnikowych, podświetlenie: tak. Zasilanie 24 V DC, pobór 0.2 A. Obudowa IP54, materiał: aluminium.;5;Sterowanie bramami;52;Klawiatury kodowe;klawiatura, kontrola dostępu, PIN, brama;FAAC;FAAC S.p.A.;IT;261,79;322,00;23;PLN;24;0,20;;IP54;podtynkowy;;srebrny;aluminium;-20;55;CE, RoHS, EMC
IV-054-05960;Siłownik bramy ROGER RG-5960E 600kg;Napęd do 600 kg, 300 W.;Napęd do bram o masie do 600 kg. Cykl pracy 70%, enkoder: nie. Zasilanie 400 V, moc 300 W. Zabezpieczenie termiczne. Kompatybilny z systemami ROGER.;5;Sterowanie bramami;54;Napędy bramowe;napęd, brama, automatyka bramy;ROGER;Roger Technology;IT;1871,39;2301,81;23;PLN;400;;300;IP54;natynkowy;;szary;stal lakierowana;-20;50;CE, RoHS
IV-054-05985;Napęd do bramy skrzydłowej SOMFY SF-5985T 800kg;Napęd do 800 kg, 250 W.;Napęd do bram o masie do 800 kg. Cykl pracy 50%, enkoder: tak. Zasilanie 400 V, moc 250 W. Zabezpieczenie termiczne. Kompatybilny z systemami SOMFY.;5;Sterowanie bramami;54;Napędy bramowe;napęd, brama, automatyka bramy;SOMFY;Somfy S.A.;FR;2797,03;3440,35;23;PLN;400;;250;IP44;natynkowy;;szary;stal lakierowana;-20;50;CE, RoHS
IV-054-05770;Napęd do bramy przesuwnej PROXIMA PR-5770N 400kg;Napęd do 400 kg, 250 W.;Napęd do bram o masie do 400 kg. Cykl pracy 100%, enkoder: tak. Zasilanie 400 V, moc 250 W. Zabezpieczenie termiczne. Kompatybilny z systemami PROXIMA.;5;Sterowanie bramami;54;Napędy bramowe;napęd, brama, automatyka bramy;PROXIMA;Proxima ADS;PL;1875,60;2306,99;23;PLN;400;;250;IP44;natynkowy;;czarny;aluminium;-20;50;CE, RoHS, EMC
IV-061-06320;Wago WAGO WG-6320Z 8-bieg.;Złączka szybkozłączna 8-bieg., 0.2-6 mm².;Szybkozłączna złączka instalacyjna 8-biegunowa, dla przewodów 0.2-6 mm² (sztywny). Napięcie znamionowe 400 V, prąd znamionowy 32 A. Bezśrubowe połączenie z dźwigniami.;6;Złączki i zaciski przewodowe;61;Szybkozłączne;złączka, szybkozłączna, WAGO, instalacja;WAGO;WAGO GmbH & Co. KG;DE;5,54;6,81;23;PLN;400;32;;IP20;puszka instalacyjna;;pomarańczowy;PA66;-25;105;CE, IEC, UL
IV-061-06256;Złączka instalacyjna WAGO WG-6256T 5-bieg.;Złączka szybkozłączna 5-bieg., 0.2-6 mm².;Szybkozłączna złączka instalacyjna 5-biegunowa, dla przewodów 0.2-6 mm² (sztywny). Napięcie znamionowe 400 V, prąd znamionowy 24 A. Bezśrubowe połączenie z dźwigniami.;6;Złączki i zaciski przewodowe;61;Szybkozłączne;złączka, szybkozłączna, WAGO, instalacja;WAGO;WAGO GmbH & Co. KG;DE;5,69;7,00;23;PLN;400;24;;IP20;dowolny;;pomarańczowy;PA66;-25;105;CE, IEC
IV-061-06266;Złączka instalacyjna KLEMSAN KL-6266E 5-bieg.;Złączka szybkozłączna 5-bieg., 0.08-4 mm².;Szybkozłączna złączka instalacyjna 5-biegunowa, dla przewodów 0.08-4 mm² (linka + sztywny). Napięcie znamionowe 400 V, prąd znamionowy 24 A. Bezśrubowe połączenie z dźwigniami.;6;Złączki i zaciski przewodowe;61;Szybkozłączne;złączka, szybkozłączna, WAGO, instalacja;KLEMSAN;Klemsan Elektrik;TR;4,76;5,85;23;PLN;400;24;;IP20;puszka instalacyjna;;pomarańczowy;poliwęglan;-30;85;CE, IEC, UL
IV-061-06427;Złączka instalacyjna OSPEL OP-6427P 2-bieg.;Złączka szybkozłączna 2-bieg., 0.08-4 mm².;Szybkozłączna złączka instalacyjna 2-biegunowa, dla przewodów 0.08-4 mm² (linka + sztywny). Napięcie znamionowe 400 V, prąd znamionowy 32 A. Bezśrubowe połączenie z dźwigniami.;6;Złączki i zaciski przewodowe;61;Szybkozłączne;złączka, szybkozłączna, WAGO, instalacja;OSPEL;OSPEL S.A.;PL;4,00;4,92;23;PLN;400;32;;IP20;dowolny;;czarny;PA66;-30;85;CE, IEC, UL
IV-062-06745;Listwa śrubowa PAWBOL PW-6745R 0.5-6mm² ochronny PE;Złączka śrubowa 0.5-6 mm², ochronny PE.;Złączka śrubowa szynowa do przewodów 0.5-6 mm². Funkcja: ochronny PE. Napięcie znamionowe 400 V, prąd znamionowy 100 A. Materiał: termoplast, kolor: czerwony.;6;Złączki i zaciski przewodowe;62;Śrubowe;złączka, śrubowa, TS35, szyna;PAWBOL;PAWBOL Sp. z o.o.;PL;3,52;4,33;23;PLN;400;100;;IP20;szyna DIN;;czerwony;termoplast;-40;100;CE, IEC
IV-062-06679;Złączka WDU MAKEL MK-6679X 0.5-6mm² fazowy;Złączka śrubowa 0.5-6 mm², fazowy.;Złączka śrubowa szynowa do przewodów 0.5-6 mm². Funkcja: fazowy. Napięcie znamionowe 690 V, prąd znamionowy 10 A. Materiał: termoplast, kolor: żółto-zielony.;6;Złączki i zaciski przewodowe;62;Śrubowe;złączka, śrubowa, TS35, szyna;MAKEL;Makel Elektrik;TR;2,94;3,62;23;PLN;690;10;;IP20;szyna DIN;;żółto-zielony;termoplast;-40;100;CE, IEC
IV-062-06742;Złączka śrubowa WEIDMULLER WL-6742Z 0.5-6mm² fazowy;Złączka śrubowa 0.5-6 mm², fazowy.;Złączka śrubowa szynowa do przewodów 0.5-6 mm². Funkcja: fazowy. Napięcie znamionowe 690 V, prąd znamionowy 25 A. Materiał: termoplast, kolor: żółto-zielony.;6;Złączki i zaciski przewodowe;62;Śrubowe;złączka, śrubowa, TS35, szyna;WEIDMULLER;Weidmüller GmbH;DE;4,98;6,13;23;PLN;690;25;;IP20;szyna DIN;;żółto-zielony;termoplast;-40;100;CE, IEC, UL
IV-063-06755;Listwa zaciskowa OSPEL OP-6755L 4 torów N;Listwa 4 tor. N.;Listwa zaciskowa 4-torowa, funkcja N. Napięcie znamionowe 400 V, prąd znamionowy 63 A. Montaż szyna DIN, kolor szary.;6;Złączki i zaciski przewodowe;63;Listwy zaciskowe;listwa zaciskowa, N, PE, rozdzielnia;OSPEL;OSPEL S.A.;PL;21,95;27,00;23;PLN;400;63;;IP20;szyna DIN;2;szary;poliamid;-25;80;CE, RoHS, EMC
IV-063-06907;Listwa N/PE MAKEL MK-6907G 7 torów N;Listwa 7 tor. N.;Listwa zaciskowa 7-torowa, funkcja N. Napięcie znamionowe 690 V, prąd znamionowy 100 A. Montaż tablica, kolor szary.;6;Złączki i zaciski przewodowe;63;Listwy zaciskowe;listwa zaciskowa, N, PE, rozdzielnia;MAKEL;Makel Elektrik;TR;21,00;25,83;23;PLN;690;100;;IP20;tablica;;szary;poliamid;-25;80;CE, RoHS, EMC
IV-063-06787;Mostek listwy PAWBOL PW-6787S 19 torów N+PE;Listwa 19 tor. N+PE.;Listwa zaciskowa 19-torowa, funkcja N+PE. Napięcie znamionowe 400 V, prąd znamionowy 100 A. Montaż tablica, kolor żółto-zielony.;6;Złączki i zaciski przewodowe;63;Listwy zaciskowe;listwa zaciskowa, N, PE, rozdzielnia;PAWBOL;PAWBOL Sp. z o.o.;PL;24,51;30,15;23;PLN;400;100;;IP20;tablica;2;żółto-zielony;miedź + poliamid;-25;80;CE, RoHS, EMC
IV-063-06869;Listwa N/PE WEIDMULLER WL-6869P 15 torów PE;Listwa 15 tor. PE.;Listwa zaciskowa 15-torowa, funkcja PE. Napięcie znamionowe 690 V, prąd znamionowy 40 A. Montaż szyna DIN, kolor niebieski.;6;Złączki i zaciski przewodowe;63;Listwy zaciskowe;listwa zaciskowa, N, PE, rozdzielnia;WEIDMULLER;Weidmüller GmbH;DE;32,27;39,69;23;PLN;690;40;;IP20;szyna DIN;;niebieski;miedź + poliamid;-25;80;CE
IV-065-07362;Kostka elektryczna TRACON TC-7362G 6-tor. 4-10mm²;Kostka 6-tor., 4-10 mm².;Kostka elektryczna 6-torowa, dla przewodów 4-10 mm². Napięcie 400 V, prąd 4 A. Materiał: polipropylen, kolor: biały.;6;Złączki i zaciski przewodowe;65;Kostki elektryczne;kostka, łącznik, instalacja;TRACON;Tracon Electric;HU;1,52;1,87;23;PLN;400;4;;IP20;dowolny;;biały;polipropylen;-20;100;CE, RoHS, EMC
IV-065-07385;Łącznik gwintowy WEIDMULLER WL-7385Z 3-tor. 1.5-4mm²;Kostka 3-tor., 1.5-4 mm².;Kostka elektryczna 3-torowa, dla przewodów 1.5-4 mm². Napięcie 400 V, prąd 4 A. Materiał: porcelana, kolor: biały.;6;Złączki i zaciski przewodowe;65;Kostki elektryczne;kostka, łącznik, instalacja;WEIDMULLER;Weidmüller GmbH;DE;2,89;3,55;23;PLN;400;4;;IP20;dowolny;;biały;porcelana;-20;100;CE, RoHS, EMC
IV-065-07492;Łącznik gwintowy TRACON TC-7492S 12-tor. 4-10mm²;Kostka 12-tor., 4-10 mm².;Kostka elektryczna 12-torowa, dla przewodów 4-10 mm². Napięcie 400 V, prąd 4 A. Materiał: polipropylen, kolor: biały.;6;Złączki i zaciski przewodowe;65;Kostki elektryczne;kostka, łącznik, instalacja;TRACON;Tracon Electric;HU;1,63;2,00;23;PLN;400;4;;IP20;puszka instalacyjna;;biały;polipropylen;-15;75;CE
IV-071-07701;Zasilacz impulsowy ORNO OR-7701G 5V/2A;Zasilacz 5V/2A, 12 W.;Zasilacz impulsowy 5 V DC / 2 A, moc 12 W. Sprawność 88%. Wejście 230 V AC. Zabezpieczenia: zwarciowe, termiczne, przeciążeniowe. Stopień ochrony IP30.;7;Zasilacze;71;Impulsowe;zasilacz, impulsowy, SMPS, DC;ORNO;ORNO Sp. z o.o.;PL;47,40;58,30;23;PLN;230;;12;IP30;szyna DIN;4;czarny;aluminium;-20;60;CE, EMC, RoHS
IV-071-07558;Zasilacz SMPS TRACON TC-7558C 12V/1A;Zasilacz 12V/1A, 350 W.;Zasilacz impulsowy 12 V DC / 1 A, moc 350 W. Sprawność 88%. Wejście 230 V AC. Zabezpieczenia: zwarciowe, termiczne, przeciążeniowe. Stopień ochrony IP67.;7;Zasilacze;71;Impulsowe;zasilacz, impulsowy, SMPS, DC;TRACON;Tracon Electric;HU;53,38;65,66;23;PLN;230;;350;IP67;natynkowy;6;biały;aluminium;-20;60;CE, EMC
IV-071-07714;Zasilacz impulsowy BREVE BR-7714T 12V/2A;Zasilacz 12V/2A, 350 W.;Zasilacz impulsowy 12 V DC / 2 A, moc 350 W. Sprawność 92%. Wejście 230 V AC. Zabezpieczenia: zwarciowe, termiczne, przeciążeniowe. Stopień ochrony IP20.;7;Zasilacze;71;Impulsowe;zasilacz, impulsowy, SMPS, DC;BREVE;BREVE Tufvassons;PL;75,32;92,64;23;PLN;230;;350;IP20;natynkowy;6;biały;metal lakierowany;-20;60;CE, EMC
IV-071-07612;Zasilacz LED ELTIM ET-7612T 48V/2A;Zasilacz 48V/2A, 24 W.;Zasilacz impulsowy 48 V DC / 2 A, moc 24 W. Sprawność 85%. Wejście 230 V AC. Zabezpieczenia: zwarciowe, termiczne, przeciążeniowe. Stopień ochrony IP67.;7;Zasilacze;71;Impulsowe;zasilacz, impulsowy, SMPS, DC;ELTIM;ELTIM Sp. z o.o.;PL;66,14;81,35;23;PLN;230;;24;IP67;puszka;;czarny;metal lakierowany;-20;60;CE, EMC, RoHS
IV-073-08203;Przetwornica napięcia BREVE BR-8203M 18-36V→3.3V 50W;DC/DC 18-36V→3.3V, 50 W.;Konwerter DC/DC: wejście 18-36 V, wyjście 3.3 V, moc 50 W. Wersja nieizolowany. Sprawność do 92%. Stopień ochrony IP20, zakres temperatur -40–75°C.;7;Zasilacze;73;Konwertery DC/DC;konwerter, DC/DC, przetwornica;BREVE;BREVE Tufvassons;PL;91,15;112,11;23;PLN;24;;50;IP20;PCB;;czarny;aluminium;-40;75;CE
IV-073-08109;Przetwornica napięcia F&F FF-8109A 9-18V→24V 5W;DC/DC 9-18V→24V, 5 W.;Konwerter DC/DC: wejście 9-18 V, wyjście 24 V, moc 5 W. Wersja izolowany. Sprawność do 92%. Stopień ochrony IP20, zakres temperatur -40–75°C.;7;Zasilacze;73;Konwertery DC/DC;konwerter, DC/DC, przetwornica;F&F;F&F Filipowski sp.j.;PL;79,82;98,18;23;PLN;12;;5;IP20;natynkowy;1;szary;metal lakierowany;-40;75;CE, RoHS, EMC
IV-073-08198;Konwerter DC/DC ORNO OR-8198M 9-18V→24V 200W;DC/DC 9-18V→24V, 200 W.;Konwerter DC/DC: wejście 9-18 V, wyjście 24 V, moc 200 W. Wersja izolowany. Sprawność do 92%. Stopień ochrony IP65, zakres temperatur -25–70°C.;7;Zasilacze;73;Konwertery DC/DC;konwerter, DC/DC, przetwornica;ORNO;ORNO Sp. z o.o.;PL;89,77;110,42;23;PLN;12;;200;IP65;szyna DIN;2;szary;aluminium;-25;70;CE, RoHS
IV-074-08291;AVR BREVE BR-8291M 2000VA;Stabilizator 2000 VA, ±5%.;Stabilizator napięcia AVR serwo, moc 2000 VA. Wejście 140-260 V AC, dokładność wyjścia ±5%. Zabezpieczenia: zwarciowe, przepięciowe, termiczne. Idealny do urządzeń wrażliwych na wahania napięcia.;7;Zasilacze;74;Stabilizatory;stabilizator, AVR, regulator napięcia;BREVE;BREVE Tufvassons;PL;1602,08;1970,56;23;PLN;230;;2000;IP20;naścienny;;biały;metal lakierowany;-10;50;CE, RoHS
IV-074-08493;AVR ELTIM ET-8493R 3000VA;Stabilizator 3000 VA, ±3%.;Stabilizator napięcia AVR przekaźnikowy, moc 3000 VA. Wejście 160-280 V AC, dokładność wyjścia ±3%. Zabezpieczenia: zwarciowe, przepięciowe, termiczne. Idealny do urządzeń wrażliwych na wahania napięcia.;7;Zasilacze;74;Stabilizatory;stabilizator, AVR, regulator napięcia;ELTIM;ELTIM Sp. z o.o.;PL;1620,31;1992,98;23;PLN;230;;3000;IP20;naścienny;;szary;metal lakierowany;0;40;CE, RoHS, EMC
IV-074-08369;Stabilizator napięcia ORNO OR-8369S 3000VA;Stabilizator 3000 VA, ±3%.;Stabilizator napięcia AVR przekaźnikowy, moc 3000 VA. Wejście 160-280 V AC, dokładność wyjścia ±3%. Zabezpieczenia: zwarciowe, przepięciowe, termiczne. Idealny do urządzeń wrażliwych na wahania napięcia.;7;Zasilacze;74;Stabilizatory;stabilizator, AVR, regulator napięcia;ORNO;ORNO Sp. z o.o.;PL;1700,56;2091,69;23;PLN;230;;3000;IP20;naścienny;;biały;metal lakierowany;0;40;CE, RoHS, EMC
IV-075-08742;izolacyjny TRACON TC-8742L 230/8V 250VA;Transformator 230/8V, 250 VA.;Transformator izolacyjny z uzwojenia pierwotnego 230 V na wtórne 8 V, moc 250 VA. Sprawność do 95%. Stosowany w instalacjach przemysłowych i automatyce.;7;Zasilacze;75;Transformatory;transformator, separacyjny, toroidalny;TRACON;Tracon Electric;HU;249,11;306,41;23;PLN;230;;250;IP30;natynkowy;4;szary;rdzeń żelazny + uzwojenie miedziane;-10;70;CE
IV-075-08652;toroidalny ELTIM ET-8652N 400/48V 100VA;Transformator 400/48V, 100 VA.;Transformator toroidalny z uzwojenia pierwotnego 400 V na wtórne 48 V, moc 100 VA. Sprawność do 95%. Stosowany w instalacjach przemysłowych i automatyce.;7;Zasilacze;75;Transformatory;transformator, separacyjny, toroidalny;ELTIM;ELTIM Sp. z o.o.;PL;272,09;334,67;23;PLN;400;;100;IP30;wolnostojący;4;czarny;rdzeń żelazny + uzwojenie miedziane;-10;70;CE
IV-075-08601;toroidalny MEAN WELL MW-8601P 400/24V 2000VA;Transformator 400/24V, 2000 VA.;Transformator toroidalny z uzwojenia pierwotnego 400 V na wtórne 24 V, moc 2000 VA. Sprawność do 95%. Stosowany w instalacjach przemysłowych i automatyce.;7;Zasilacze;75;Transformatory;transformator, separacyjny, toroidalny;MEAN WELL;Mean Well Enterprises;TW;635,23;781,33;23;PLN;400;;2000;IP20;natynkowy;2;szary;metal;-10;70;CE
IV-081-08991;Frezarka do bruzd MILWAUKEE ML-8991A 1300W 125mm;Bruzdownica 1300 W, 125 mm.;Bruzdownica elektryczna o mocy 1300 W, tarcze diamentowe 125 mm. Maks. głębokość bruzdy 30 mm, szerokość 25 mm. Odsysanie pyłu, zabezpieczenie przed przeciążeniem. Idealna do instalacji elektrycznych w betonie i cegle.;8;Narzędzia elektryczne;81;Bruzdownice;bruzdownica, elektronarzędzie, frezowanie, instalacja;MILWAUKEE;Milwaukee Electric Tool;US;2487,67;3059,83;23;PLN;230;;1300;;ręczny;;zielony;obudowa ABS gumowana;0;40;CE, RoHS, EMC
IV-081-08963;Frezarka do bruzd FLUKE FK-8963R 2000W 150mm;Bruzdownica 2000 W, 150 mm.;Bruzdownica elektryczna o mocy 2000 W, tarcze diamentowe 150 mm. Maks. głębokość bruzdy 40 mm, szerokość 35 mm. Odsysanie pyłu, zabezpieczenie przed przeciążeniem. Idealna do instalacji elektrycznych w betonie i cegle.;8;Narzędzia elektryczne;81;Bruzdownice;bruzdownica, elektronarzędzie, frezowanie, instalacja;FLUKE;Fluke Corporation;US;4273,93;5256,93;23;PLN;230;;2000;;ręczny;;czarny;tworzywo + metal;0;40;CE, RoHS, EMC
IV-081-08803;Frezarka do bruzd METABO MT-8803F 1700W 125mm;Bruzdownica 1700 W, 125 mm.;Bruzdownica elektryczna o mocy 1700 W, tarcze diamentowe 125 mm. Maks. głębokość bruzdy 40 mm, szerokość 19 mm. Odsysanie pyłu, zabezpieczenie przed przeciążeniem. Idealna do instalacji elektrycznych w betonie i cegle.;8;Narzędzia elektryczne;81;Bruzdownice;bruzdownica, elektronarzędzie, frezowanie, instalacja;METABO;Metabo GmbH;DE;2812,96;3459,94;23;PLN;230;;1700;;ręczny;;czerwony;obudowa magnezowa;0;40;CE
IV-081-08946;Bruzdownica elektryczna BOSCH BO-8946F 1300W 180mm;Bruzdownica 1300 W, 180 mm.;Bruzdownica elektryczna o mocy 1300 W, tarcze diamentowe 180 mm. Maks. głębokość bruzdy 30 mm, szerokość 19 mm. Odsysanie pyłu, zabezpieczenie przed przeciążeniem. Idealna do instalacji elektrycznych w betonie i cegle.;8;Narzędzia elektryczne;81;Bruzdownice;bruzdownica, elektronarzędzie, frezowanie, instalacja;BOSCH;Robert Bosch GmbH;DE;2412,11;2966,90;23;PLN;230;;1300;;ręczny;;niebieski;tworzywo + metal;0;40;CE, RoHS, EMC
IV-082-09216;Wiertarka udarowa UNI-T UT-9216C 50Nm;Wiertarko-wkrętarka 50 Nm, 12 V.;Wiertarko-wkrętarka 12 V, moment obrotowy 50 Nm, uchwyt 13 mm. Akumulator 12 V (lub zasilanie sieciowe). Funkcja udaru, regulacja prędkości obrotów. Moc 350 W.;8;Narzędzia elektryczne;82;Wiertarki/wkrętarki;wiertarka, wkrętarka, akumulatorowa, elektronarzędzie;UNI-T;Uni-Trend Technology;CN;501,72;617,12;23;PLN;12;;350;;ręczny;;czerwony;tworzywo + metal;-10;50;CE
IV-082-09236;Wiertarka udarowa BOSCH BO-9236E 180Nm;Wiertarko-wkrętarka 180 Nm, 18 V.;Wiertarko-wkrętarka 18 V, moment obrotowy 180 Nm, uchwyt 10 mm. Akumulator 0 V (lub zasilanie sieciowe). Funkcja udaru, regulacja prędkości obrotów. Moc 350 W.;8;Narzędzia elektryczne;82;Wiertarki/wkrętarki;wiertarka, wkrętarka, akumulatorowa, elektronarzędzie;BOSCH;Robert Bosch GmbH;DE;749,03;921,31;23;PLN;18;;350;;ręczny;;czerwony;obudowa ABS gumowana;-10;50;CE, RoHS
IV-082-09108;Wiertarka udarowa MILWAUKEE ML-9108D 25Nm;Wiertarko-wkrętarka 25 Nm, 230 V.;Wiertarko-wkrętarka 230 V, moment obrotowy 25 Nm, uchwyt 10 mm. Akumulator 12 V (lub zasilanie sieciowe). Funkcja udaru, regulacja prędkości obrotów. Moc 700 W.;8;Narzędzia elektryczne;82;Wiertarki/wkrętarki;wiertarka, wkrętarka, akumulatorowa, elektronarzędzie;MILWAUKEE;Milwaukee Electric Tool;US;865,44;1064,49;23;PLN;230;;700;;ręczny;;zielony;tworzywo + metal;-10;50;CE
IV-083-09432;Miernik instalacji EXTOL EX-9432D CAT CE, CAT II 600V;Miernik DCV/ACV/Ω/A/μF/Hz/temp, True RMS: nie.;Miernik cyfrowy z funkcjami: DCV/ACV/Ω/A/μF/Hz/temp. True RMS: nie. Maksymalne napięcie pomiarowe 750 V. Kategoria pomiarowa CE, CAT II 600V. Bateria 3 V.;8;Narzędzia elektryczne;83;Mierniki;multimetr, miernik, pomiary;EXTOL;Madal Bal a.s.;CZ;278,07;342,03;23;PLN;3;;;IP54;ręczny;;żółty;obudowa ABS gumowana;-10;50;CE, CAT II 600V
IV-083-09382;Miernik napięcia EXTOL EX-9382Z CAT CE, CAT IV 600V;Miernik DCV/ACV/Ω, True RMS: nie.;Miernik cyfrowy z funkcjami: DCV/ACV/Ω. True RMS: nie. Maksymalne napięcie pomiarowe 600 V. Kategoria pomiarowa CE, CAT IV 600V. Bateria 12 V.;8;Narzędzia elektryczne;83;Mierniki;multimetr, miernik, pomiary;EXTOL;Madal Bal a.s.;CZ;240,31;295,58;23;PLN;12;;;IP30;ręczny;;czarny;obudowa magnezowa;0;40;CE, CAT IV 600V
IV-083-09350;Miernik instalacji DEWALT DW-9350S CAT CE, CAT II 600V;Miernik DCV/ACV/Ω/A, True RMS: nie.;Miernik cyfrowy z funkcjami: DCV/ACV/Ω/A. True RMS: nie. Maksymalne napięcie pomiarowe 750 V. Kategoria pomiarowa CE, CAT II 600V. Bateria 9 V.;8;Narzędzia elektryczne;83;Mierniki;multimetr, miernik, pomiary;DEWALT;DeWalt (Stanley Black & Decker);US;396,82;488,09;23;PLN;9;;;IP54;ręczny;;czarny;tworzywo + metal;-10;50;CE, CAT II 600V
IV-083-09438;Miernik cęgowy FELO FL-9438H CAT CE, CAT II 600V;Miernik DCV/ACV/Ω, True RMS: nie.;Miernik cyfrowy z funkcjami: DCV/ACV/Ω. True RMS: nie. Maksymalne napięcie pomiarowe 1000 V. Kategoria pomiarowa CE, CAT II 600V. Bateria 12 V.;8;Narzędzia elektryczne;83;Mierniki;multimetr, miernik, pomiary;FELO;Felo Werkzeugfabrik;DE;397,29;488,67;23;PLN;12;;;IP54;ręczny;;czarny;obudowa ABS gumowana;0;40;CE, CAT II 600V
IV-085-09753;Tarcza diamentowa DEWALT DW-9753G ⌀125mm;brzeszczot do drewna ⌀125 mm.;Akcesorium tnące — brzeszczot do drewna, średnica 125 mm, długość 200 mm. Materiał: stal HSS. Do zastosowań w drewnie, metalu i materiałach budowlanych.;8;Narzędzia elektryczne;85;Akcesoria tnące;tarcza, wiertło, brzeszczot, akcesoria;DEWALT;DeWalt (Stanley Black & Decker);US;39,38;48,44;23;PLN;;;;;wymienne;;żółty;stal HSS;-20;80;CE, RoHS
IV-085-09924;Wiertło SDS-Plus METABO MT-9924K ⌀8mm;wiertło SDS-Plus ⌀8 mm.;Akcesorium tnące — wiertło SDS-Plus, średnica 8 mm, długość 100 mm. Materiał: stal HSS. Do zastosowań w drewnie, metalu i materiałach budowlanych.;8;Narzędzia elektryczne;85;Akcesoria tnące;tarcza, wiertło, brzeszczot, akcesoria;METABO;Metabo GmbH;DE;38,83;47,76;23;PLN;;;;;wymienne;;srebrny;stal HSS;-20;80;CE
IV-085-09988;Wiertło SDS-Plus EXTOL EX-9988C ⌀10mm;brzeszczot do metalu ⌀10 mm.;Akcesorium tnące — brzeszczot do metalu, średnica 10 mm, długość 300 mm. Materiał: diament. Do zastosowań w drewnie, metalu i materiałach budowlanych.;8;Narzędzia elektryczne;85;Akcesoria tnące;tarcza, wiertło, brzeszczot, akcesoria;EXTOL;Madal Bal a.s.;CZ;21,01;25,84;23;PLN;;;;;wymienne;;żółty;diament;-20;80;CE, RoHS, EMC
